Index,Word List,N_Ltr,N_PG,NMorph,NSyll,POS,Occurrences,Freq_SUBTLEXUS,BigramF_Avg_C_Log,OLD20,BiphonP_Un,PLD20,Sem_N_D,Phonographic_N,PG_Prob_Mean,PG_Prob_Min,GP_Prob_Mean,GP_Prob_Min,GP_Freq_Mean,GP_Freq_Min,P_Freq_Mean,P_Freq_Min,G_Freq_Mean,G_Freq_Min,PG1,PG2,PG3,PG4,PG5,PG6,PG7,PG8,PG9,PG10,PG11,PG12,PG13,PG14,PG15,OR_Prob_Mean,OR_Prob_Min,OR_Freq_Mean,OR_Freq_Min,Onset1,Rime1,Onset2,Rime2,Onset3,Rime3,Onset4,Rime4,Onset5,Rime5,Onset6,Rime6
4485,larger,6,6,2,2,JJ|NN,1,2.622214023,1,1.85,1,2.3,0.67849594,1,0.775383333333333,0.4466,0.654333333333333,0.1878,2.78766666666667,2.248,2.9176,2.444,3.05258333333333,2.6675,l+l,ɑ+a,ɹ+r,dʒ+g,ɚ+e,ɹ+r,,,,,,,,,,0.808,0.4293,2.5046,2.248,l+l,ɑɹ+ar,dʒ+g,ɚɹ+er,,,,,,,,
1145,button,6,5,1,2,NN|VB,1,3.15896526,1,1.9,1,1.7,0.59013152,4,0.61812,0.1212,0.74402,0.3518,2.69326,2.29,3.02712,2.4914,2.87042,2.29,b+b,ʌ+u,t+tt,ə+o,n+n,,,,,,,,,,,0.818675,0.3584,2.5215,2.2718,b+b,ʌ+u,t+tt,ən+on,,,,,,,,
2514,duck,4,3,1,1,NN|VB,1,3.101747074,1,1.35,1,1,0.59898198,12,0.6818,0.2372,0.8295,0.4885,2.563,2.1004,2.80116666666667,2.7226,2.66656666666667,2.1004,d+d,ʌ+u,k+ck,,,,,,,,,,,,,1,1,2.0619,1.301,d+d,ʌk+uck,,,,,,,,,,
4417,knee,4,2,1,1,NN|VB,1,2.875061263,1,1.8,1,1,0.57636207,1,0.0762,0.0373,1,1,1.57085,1.5185,2.7435,2.4456,1.57085,1.5185,n+kn,i+ee,,,,,,,,,,,,,,1,1,1.57085,1.5185,n+kn,i+ee,,,,,,,,,,
7689,squint,6,6,1,1,VB,1,1.716003344,1,1.85,1,1.95,0.22742066,0,0.68745,0.0547,0.811883333333333,0.1398,2.6907,1.4472,2.97988333333333,2.4099,2.8537,1.4472,s+s,k+q,w+u,ɪ+i,n+n,t+t,,,,,,,,,,0.96875,0.9375,1.301,1.2041,skw+squ,ɪnt+int,,,,,,,,,,
1307,ceiling,7,5,1,2,NN,1,2.630427875,1,1.85,1,1.05,0.57965738,0,0.50418,0.009,0.68404,0.0679,2.3602,0.9542,3.0806,2.8663,2.66006,1.2041,s+c,i+ei,l+l,ɪ+i,ŋ+ng,,,,,,,,,,,0.64725,0.089,2.14945,1,s+c,i+ei,l+l,ɪŋ+ing,,,,,,,,
6533,resolve,7,6,2,2,VB|NN,1,2.394451681,1,2.05,1,2.2,0.59627861,1,0.6767,0.0226,0.583633333333333,0.0621,2.3971,1.301,2.76443333333333,2.2041,2.81371666666667,2.1931,ɹ+r,i+e,z+s,ɑ+o_e,l+l,v+v,,,,,,,,,,0.6596,0.2192,2.120225,0.6021,ɹ+r,i+e,z+s,ɑlv+o_elv,,,,,,,,
2217,deny,4,4,1,2,VB,1,3.038222638,1,1.75,1,1.85,0.5798043,1,0.662475,0.1794,0.5522,0.0475,2.4694,1.6532,2.7259,1.8808,2.993725,2.8802,d+d,ə+e,n+n,aɪ+y,,,,,,,,,,,,0.549525,0.0475,2.4586,1.6532,d+d,ə+e,n+n,aɪ+y,,,,,,,,
8107,tag,3,3,1,1,NN|VB,1,2.850646235,1,1,1,1,0.60076612,18,0.924733333333333,0.8384,0.622133333333333,0.4029,2.55826666666667,1.9243,2.593,2,2.80006666666667,2.316,t+t,æ+a,g+g,,,,,,,,,,,,,1,1,1.9763,1.3222,t+t,æg+ag,,,,,,,,,,
5891,pitcher,7,5,2,2,NN,1,2.220108088,1,1.85,1,1.7,0.57346141,2,0.68914,0.1667,0.77838,0.3768,2.73054,1.5315,2.96156,2.2989,2.87284,1.5315,p+p,ɪ+i,tʃ+tch,ɚ+e,ɹ+r,,,,,,,,,,,0.877075,0.5186,2.543175,1.5315,p+p,ɪ+i,tʃ+tch,ɚɹ+er,,,,,,,,
7112,shill,5,3,NaN,1,JJ|NN,1,1.176091259,1,1.5,1,1,0.16768014,4,0.566533333333333,0.1263,0.939666666666667,0.819,2.5143,2.0755,2.88346666666667,2.3139,2.54316666666667,2.0755,ʃ+sh,ɪ+i,l+ll,,,,,,,,,,,,,1,1,1.8531,1.4914,ʃ+sh,ɪl+ill,,,,,,,,,,
1528,clarinet,8,8,1,3,NN,1,1.908485019,1,2.95,1,3.65,0.5727458,0,0.6894375,0.1734,0.6835875,0.084,2.808975,2.1303,3.03445,2.8432,3.1086625,2.7332,k+c,l+l,ɛ+a,ɹ+r,ə+i,n+n,ɛ+e,t+t,,,,,,,,0.584633333333333,0.0741,2.32345,1.4472,kl+cl,ɛ+a,ɹ+r,ə+i,n+n,ɛt+et,,,,,,
4183,interior,8,8,2,3,JJ|NN,1,2.428134794,1,2.4,1,2.6,0.65251732,2,0.61045,0.0652,0.655875,0.1184,2.55585,1,2.8840625,2.143,2.864725,1.8865,ɪ+i,n+n,t+t,ɪ+e,ɹ+r,i+i,ɚ+o,ɹ+r,,,,,,,,0.673883333333333,0.133,2.54815,2.0128,,ɪn+in,t+t,ɪ+e,ɹ+r,i+i,,ɚɹ+or,,,,
984,breed,5,4,1,1,NN|VB,1,2.51054501,1,1.55,1,1,0.59570301,6,0.7705,0.2754,0.95865,0.8418,2.882525,2.1761,3.0452,2.734,2.901875,2.2504,b+b,ɹ+r,i+ee,d+d,,,,,,,,,,,,1,1,1.7641,1.3979,bɹ+br,id+eed,,,,,,,,,,
8262,theme,5,3,1,1,NN,1,2.851869601,1,1.7,1,1.45,0.66182345,0,0.658366666666667,0.0518,0.6422,0.125,1.9893,1.4624,2.4247,2.0086,2.31763333333333,2.1038,θ+th,i+e_e,m+m,,,,,,,,,,,,,0.86415,0.7283,1.26575,0.699,θ+th,im+e_em,,,,,,,,,,
5506,operate,7,6,2,3,VB,1,2.834420704,1,1.9,1,2.75,0.64851153,0,0.583483333333333,0.1794,0.6688,0.1648,2.54418333333333,1.7404,2.83155,2.1492,2.80691666666667,2.2945,ɑ+o,p+p,ə+e,ɹ+r,eɪ+a_e,t+t,,,,,,,,,,0.63798,0.1542,2.47722,2.0128,,ɑ+o,p+p,ə+e,ɹ+r,eɪt+a_et,,,,,,
6703,rubbish,7,5,1,2,NN|VB,1,2.456366033,1,2.85,1,1.9,0.41650626,0,0.67476,0.0792,0.83746,0.3683,2.4327,1.6628,2.72072,2.0755,2.53654,1.6628,ɹ+r,ʌ+u,b+bb,ɪ+i,ʃ+sh,,,,,,,,,,,0.8396,0.3584,2.14355,1.6435,ɹ+r,ʌ+u,b+bb,ɪʃ+ish,,,,,,,,
1079,bulldozer,9,8,3,3,NN,1,1.826074803,1,3.7,1,3.9,0.35922858,1,0.612425,0.1061,0.6834125,0.0374,2.40995,1.4624,2.7408,2.1399,2.723775,1.4624,b+b,ʊ+u,l+ll,d+d,oʊ+o,z+z,ɚ+e,ɹ+r,,,,,,,,0.819133333333333,0.2722,2.27231666666667,0.8451,b+b,ʊl+ull,d+d,oʊ+o,z+z,ɚɹ+er,,,,,,
4244,jam,3,3,1,1,NN|VB,1,2.839478047,1,1.2,1,1.4,0.59928411,13,0.876933333333333,0.7635,0.817566666666667,0.4635,2.57736666666667,2.2672,2.6361,2.3838,2.69013333333333,2.2718,dʒ+j,æ+a,m+m,,,,,,,,,,,,,0.90635,0.8235,1.8648,1.4624,dʒ+j,æm+am,,,,,,,,,,
8771,valet,5,4,1,2,NN,1,2.421603927,1,1.95,1,1.8,0.43334672,0,0.715575,0.1053,0.8395,0.358,2.265275,1.1139,2.53205,2.0607,2.376675,1.1139,v+v,æ+a,l+l,eɪ+et,,,,,,,,,,,,0.608025,0.1143,2.28425,1.1139,v+v,æ+a,l+l,eɪ+et,,,,,,,,
6015,pooch,5,3,1,1,NN,1,1.826074803,1,1.7,1,1.7,0.22731191,5,0.706633333333333,0.4349,0.802066666666667,0.5931,2.35283333333333,1.9445,2.527,2.1072,2.45766666666667,2.0334,p+p,u+oo,tʃ+ch,,,,,,,,,,,,,0.875,0.75,1.70005,0.6021,p+p,utʃ+ooch,,,,,,,,,,
2195,delirious,9,8,2,3,JJ,1,2.133538908,1,2.75,1,2.8,0.3853364,0,0.55725,0.0899,0.6311,0.1374,2.6047625,1.5051,2.9498125,2.5391,2.890625,1.6128,d+d,ɪ+e,l+l,ɪ+i,ɹ+r,i+i,ə+ou,s+s,,,,,,,,0.698042857142857,0.133,2.62571428571429,1.8388,d+d,ɪ+e,l+l,ɪ+i,ɹ+r,i+i,,əs+ous,,,,
4617,light,5,3,1,1,NN|VB,1,3.925621455,1,1.35,1,1,0.68360126,8,0.659866666666667,0.1136,1,1,2.53323333333333,1.7993,2.86693333333333,2.6675,2.53323333333333,1.7993,l+l,aɪ+igh,t+t,,,,,,,,,,,,,1,1,2.11785,1.5682,l+l,aɪt+ight,,,,,,,,,,
9104,wig,3,3,1,1,NN,1,2.630427875,1,1.3,1,1.1,0.47715351,14,0.792666666666667,0.7099,0.740633333333333,0.4029,2.56053333333333,1.9243,2.6623,2,2.71996666666667,2.316,w+w,ɪ+i,g+g,,,,,,,,,,,,,1,1,1.88535,1.2304,w+w,ɪg+ig,,,,,,,,,,
4166,instead,7,6,1,2,RB|NN,1,3.606811147,1,2.8,1,2.35,0.69692278,0,0.683666666666667,0.0604,0.799066666666667,0.23,2.70168333333333,1.8451,2.98865,2.6415,2.8419,2.4786,ɪ+i,n+n,s+s,t+t,ɛ+ea,d+d,,,,,,,,,,0.847,0.76,2.0463,1.301,,ɪn+in,st+st,ɛd+ead,,,,,,,,
1397,cheek,5,3,1,1,NN,1,2.563481085,1,1.7,1,1.1,0.51802742,2,0.577733333333333,0.2754,0.878566666666667,0.7939,2.2769,2.1761,2.5738,2.2648,2.3349,2.2504,tʃ+ch,i+ee,k+k,,,,,,,,,,,,,0.9249,0.8498,1.687,1.1139,tʃ+ch,ik+eek,,,,,,,,,,
7149,shortage,8,6,2,2,NN,1,2.130333768,1,2.7,1,2.65,0.56090409,0,0.678283333333333,0.0164,0.624716666666667,0.0665,2.44036666666667,1.5911,2.82018333333333,2.143,2.80211666666667,2.2504,ʃ+sh,ɔ+o,ɹ+r,t+t,ɪ+a_e,dʒ+g,,,,,,,,,,0.775725,0.5143,2.270275,1.5682,ʃ+sh,ɔɹ+or,t+t,ɪdʒ+a_eg,,,,,,,,
6632,robbery,7,6,2,3,NN,1,3.070407322,1,2.45,1,2.15,0.56506073,1,0.6972,0.0792,0.771933333333333,0.3023,2.7009,1.6628,2.95948333333333,2.659,2.86148333333333,1.6628,ɹ+r,ɑ+o,b+bb,ɚ+e,ɹ+r,i+y,,,,,,,,,,0.84794,0.2966,2.5396,1.6435,ɹ+r,ɑ+o,b+bb,ɚɹ+er,,i+y,,,,,,
6567,rich,4,3,1,1,JJ|NN,1,3.612889769,1,1.85,1,1.25,0.66957778,2,0.779666666666667,0.685,0.877366666666667,0.8131,2.68416666666667,1.9445,2.79626666666667,2.1072,2.74266666666667,2.0334,ɹ+r,ɪ+i,tʃ+ch,,,,,,,,,,,,,1,1,1.795,0.699,ɹ+r,ɪtʃ+ich,,,,,,,,,,
8136,tangerine,9,8,1,3,NN,1,1.591064607,1,3.05,1,4.65,0.38908094,0,0.7868375,0.1667,0.6744,0.2778,2.6297875,0.7782,2.777,1.4914,2.8468625,1.2788,t+t,æ+a,n+n,dʒ+g,ɚ+e,ɹ+r,i+i_e,n+n,,,,,,,,0.67854,0.2703,2.21178,1.3222,t+t,æn+an,dʒ+g,ɚɹ+er,,in+i_en,,,,,,
3114,fog,3,3,1,1,NN|VB,1,2.683947131,1,1.4,1,1.6,0.56996506,10,0.753566666666667,0.4727,0.544,0.2291,2.44426666666667,1.9243,2.58523333333333,2,2.78783333333333,2.316,f+f,ɑ+o,g+g,,,,,,,,,,,,,0.78945,0.5789,1.8628,1.0792,f+f,ɑg+og,,,,,,,,,,
8413,told,4,4,1,1,VB,1,4.552424846,1,1.45,1,1.1,0.67023277,8,0.7613,0.2747,0.763025,0.0593,2.71235,2.017,2.879075,2.5752,3.018875,2.7825,t+t,oʊ+o,l+l,d+d,,,,,,,,,,,,0.9375,0.875,1.90325,1.1761,t+t,oʊld+old,,,,,,,,,,
5753,pelt,4,4,1,1,VB|NN,1,1.69019608,1,1.5,1,1.4,0.37357783,8,0.900975,0.7706,0.8189,0.2756,3.02845,2.945,3.075925,2.9741,3.168275,2.9741,p+p,ɛ+e,l+l,t+t,,,,,,,,,,,,1,1,1.9386,1.0792,p+p,ɛlt+elt,,,,,,,,,,
4639,limp,4,4,1,1,JJ|NN|VB,1,2.274157849,1,1.45,1,1.4,0.42522773,4,0.9085,0.7099,0.95475,0.819,2.660625,2.3032,2.70625,2.3324,2.682275,2.3032,l+l,ɪ+i,m+m,p+p,,,,,,,,,,,,1,1,1.7563,0.8451,l+l,ɪmp+imp,,,,,,,,,,
8264,thence,6,4,1,1,RB,1,1.176091259,1,2.15,1,1.65,0.55350685,0,0.558775,0.0657,0.51135,0.1667,2.137475,1.3424,2.6191,1.3424,2.5055,2.1038,ð+th,ɛ+e_e,n+n,s+c,,,,,,,,,,,,0.2024,0.1765,1.1712,1,ð+th,ɛns+e_enc,,,,,,,,,,
7772,steed,5,4,1,1,NN,1,2.117271296,1,1.65,1,1.15,0.36906266,5,0.752875,0.2754,0.9578,0.8418,2.821525,2.1761,2.992075,2.734,2.84125,2.2504,s+s,t+t,i+ee,d+d,,,,,,,,,,,,1,1,1.85165,1.3979,st+st,id+eed,,,,,,,,,,
1415,chess,5,3,1,1,NN,1,2.580924976,1,1.9,1,1.6,0.6047225,0,0.6454,0.1765,0.689833333333333,0.2756,2.5049,2.2601,2.79463333333333,2.2648,2.72456666666667,2.3096,tʃ+ch,ɛ+e,s+ss,,,,,,,,,,,,,0.51725,0.1847,1.8686,1.4771,tʃ+ch,ɛs+ess,,,,,,,,,,
6709,rue,3,2,1,1,NN|VB,1,1.959041392,1,1.2,1,1,0.54853708,7,0.5603,0.1765,0.8,0.6,2.04755,1.2041,2.4252,1.9345,2.153,1.415,ɹ+r,u+ue,,,,,,,,,,,,,,0.8,0.6,2.04755,1.2041,ɹ+r,u+ue,,,,,,,,,,
1808,cornmeal,8,7,2,2,NN,1,1.113943352,1,2.8,1,3.5,0.37705827,0,0.767385714285714,0.2884,0.793757142857143,0.1894,2.83781428571429,2.1959,2.98475714285714,2.734,2.99114285714286,2.4786,k+c,ɔ+o,ɹ+r,n+n,m+m,i+ea,l+l,,,,,,,,,0.97745,0.9098,1.9109,0.7782,k+c,ɔɹn+orn,m+m,il+eal,,,,,,,,
1707,complain,8,7,1,2,VB|NN,1,2.80685803,1,2.6,1,2.45,0.50742966,0,0.723228571428571,0.2386,0.859742857142857,0.3518,2.75625714285714,2.2095,2.96011428571429,2.4594,2.8444,2.3424,k+c,ə+o,m+m,p+p,l+l,eɪ+ai,n+n,,,,,,,,,0.78295,0.4839,1.9404,1.4914,k+c,əm+om,pl+pl,eɪn+ain,,,,,,,,
623,beaten,6,5,2,2,VB|JJ,1,2.786751422,1,1.9,1,1.75,0.60461527,0,0.6596,0.1489,0.7673,0.2358,2.83466,2.1271,3.1191,2.9513,3.00118,2.3054,b+b,i+ea,t+t,ə+e,n+n,,,,,,,,,,,0.856125,0.6804,2.542025,2.0294,b+b,i+ea,t+t,ən+en,,,,,,,,
9209,wrap,4,3,1,1,VB|NN,1,2.958563883,1,1.8,1,1,0.52890801,0,0.6599,0.0462,0.821166666666667,0.4635,2.33796666666667,1.5911,2.78943333333333,2.4594,2.4492,1.5911,ɹ+wr,æ+a,p+p,,,,,,,,,,,,,0.98215,0.9643,1.51915,1.4472,ɹ+wr,æp+ap,,,,,,,,,,
3098,fluffy,6,5,2,2,JJ,1,2.269512944,1,2.6,1,1.95,0.38409409,1,0.73586,0.2091,0.86416,0.3683,2.63478,1.9912,2.8213,2.4914,2.72552,1.9912,f+f,l+l,ʌ+u,f+ff,i+y,,,,,,,,,,,0.827725,0.3584,2.334125,1.9731,fl+fl,ʌ+u,f+ff,i+y,,,,,,,,
2924,fell,4,3,1,1,VB|NN,1,3.571009672,1,1.3,1,1,0.66644144,13,0.6155,0.1263,0.758533333333333,0.2756,2.60933333333333,2.0755,2.9529,2.8299,2.79576666666667,2.0755,f+f,ɛ+e,l+ll,,,,,,,,,,,,,0.9375,0.875,1.9944,1.3424,f+f,ɛl+ell,,,,,,,,,,
3469,gong,4,3,1,1,NN,1,2.096910013,1,1.6,1,1.35,0.56008381,6,0.816966666666667,0.5117,0.688133333333333,0.1894,2.6617,2.5185,2.76753333333333,2.6274,2.92146666666667,2.6599,g+g,ɔ+o,ŋ+ng,,,,,,,,,,,,,0.7868,0.7841,1.7611,1.2041,g+g,ɔŋ+ong,,,,,,,,,,
1621,cob,3,3,1,1,NN,1,1.556302501,1,1.1,1,1.15,0.32316065,21,0.759466666666667,0.4727,0.7201,0.2291,2.5152,1.9494,2.6537,1.9638,2.7385,1.9494,k+c,ɑ+o,b+b,,,,,,,,,,,,,0.9299,0.9098,2.08425,1.301,k+c,ɑb+ob,,,,,,,,,,
4012,hull,4,3,1,1,NN|VB,1,2.334453751,1,1.25,1,1,0.62082756,10,0.639133333333333,0.1263,0.8295,0.4885,2.4994,2.0755,2.8311,2.7218,2.60296666666667,2.0755,h+h,ʌ+u,l+ll,,,,,,,,,,,,,0.86365,0.7273,1.83385,0.9542,h+h,ʌl+ull,,,,,,,,,,
1845,coup,4,2,1,1,NN,1,2.127104798,1,1.6,1,1,0.59524578,0,0.42525,0.0118,0.9656,0.9312,1.6481,0.301,2.503,1.9345,1.66355,0.301,k+c,u+oup,,,,,,,,,,,,,,0.5799,0.25,1.58425,0.301,k+c,u+oup,,,,,,,,,,
1722,condemn,7,6,1,2,VB,1,2.086359831,1,2.75,1,2.5,0.496728,1,0.632733333333333,0.0177,0.740283333333333,0.2756,2.58553333333333,0.8451,3.00695,2.5315,2.7682,0.8451,k+c,ə+o,n+n,d+d,ɛ+e,m+mn,,,,,,,,,,0.843775,0.5,2.001475,0.301,k+c,ən+on,d+d,ɛm+emn,,,,,,,,
6755,saddle,6,5,1,2,NN|VB,1,2.602059991,1,1.7,1,1.35,0.55656421,1,0.59652,0.0654,0.86076,0.358,2.61092,1.7404,3.05094,2.7589,2.70486,1.7404,s+s,æ+a,d+dd,ə+_e,l+l,,,,,,,,,,,0.827575,0.3178,2.438325,1.7243,s+s,æ+a,d+dd,əl+_el,,,,,,,,
5110,moist,5,4,1,1,JJ,1,1.968482949,1,1.8,1,1.8,0.56409782,2,0.857,0.7097,0.972675,0.8907,2.50975,1.6532,2.579175,1.7993,2.5223,1.6532,m+m,ɔɪ+oi,s+s,t+t,,,,,,,,,,,,1,1,1.7055,0.6021,m+m,ɔɪst+oist,,,,,,,,,,
2293,dill,4,3,1,1,NN,1,1.959041392,1,1.2,1,1,0.37492803,14,0.612066666666667,0.1263,0.939666666666667,0.819,2.72423333333333,2.0755,3.07223333333333,2.8802,2.7531,2.0755,d+d,ɪ+i,l+ll,,,,,,,,,,,,,1,1,2.1571,1.4914,d+d,ɪl+ill,,,,,,,,,,
5483,older,5,5,2,2,JJ,1,3.329601248,1,1.6,1,1.65,0.66994202,3,0.82752,0.6024,0.70762,0.1939,2.60256,1.5911,2.6913,1.7324,2.83086,2.2945,oʊ+o,l+l,d+d,ɚ+e,ɹ+r,,,,,,,,,,,0.842133333333333,0.5714,2.26743333333333,1.1139,,oʊl+ol,d+d,ɚɹ+er,,,,,,,,
8400,toaster,7,6,2,2,NN,1,2.298853076,1,1.85,1,1.75,0.3310793,3,0.708866666666667,0.0554,0.8488,0.3768,2.69551666666667,1.3424,2.9747,2.5798,2.78905,1.3617,t+t,oʊ+oa,s+s,t+t,ɚ+e,ɹ+r,,,,,,,,,,0.973425,0.9495,2.320375,1.3424,t+t,oʊ+oa,st+st,ɚɹ+er,,,,,,,,
2842,fall,4,3,1,1,NN|VB,1,3.781396305,1,1.3,1,1,0.68566769,13,0.416166666666667,0.1263,0.685133333333333,0.0554,2.31073333333333,2.0492,2.86986666666667,2.8089,2.72823333333333,2.0755,f+f,ɔ+a,l+ll,,,,,,,,,,,,,0.875,0.75,2.02215,1.3979,f+f,ɔl+all,,,,,,,,,,
8815,vest,4,4,1,1,NN,1,2.45484486,1,1.35,1,1.15,0.46017665,11,0.872225,0.7706,0.791575,0.2756,2.702425,2.2878,2.763575,2.2878,2.8548,2.2878,v+v,ɛ+e,s+s,t+t,,,,,,,,,,,,0.70945,0.4189,1.89305,1.5051,v+v,ɛst+est,,,,,,,,,,
8893,vulgar,6,6,2,2,JJ,1,2.225309282,1,2.8,1,2.25,0.49545166,0,0.763183333333333,0.0501,0.696183333333333,0.05,2.49136666666667,2.0043,2.74446666666667,2.2878,2.79175,2.2878,v+v,ʌ+u,l+l,g+g,ɚ+a,ɹ+r,,,,,,,,,,0.685025,0.5667,1.89015,1.2553,v+v,ʌl+ul,g+g,ɚɹ+ar,,,,,,,,
2160,deck,4,3,1,1,NN|VB,1,3.083860801,1,1.6,1,1,0.61303705,7,0.669266666666667,0.2372,0.758533333333333,0.2756,2.64186666666667,2.1004,2.88693333333333,2.7226,2.8283,2.1004,d+d,ɛ+e,k+ck,,,,,,,,,,,,,1,1,1.951,1.0792,d+d,ɛk+eck,,,,,,,,,,
4631,lilly,5,4,1,2,NN,1,2.378397901,1,1.65,1,1.4,0.5382669,8,0.68145,0.2376,0.8659,0.5151,2.749775,2.3979,2.970275,2.6675,2.82745,2.3997,l+l,ɪ+i,l+ll,i+y,,,,,,,,,,,,0.866775,0.5186,2.756475,2.3979,l+l,ɪ+i,l+ll,i+y,,,,,,,,
5957,plight,6,4,1,1,NN,1,1.806179974,1,1.75,1,1.5,0.51138079,4,0.736725,0.1136,1,1,2.742025,1.7993,2.995925,2.738,2.742025,1.7993,p+p,l+l,aɪ+igh,t+t,,,,,,,,,,,,1,1,1.7488,1.5682,pl+pl,aɪt+ight,,,,,,,,,,
9050,when,4,3,1,1,minor,1,5.015946244,1,1.75,1,1.7,0.69982028,2,0.6363,0.1583,0.726566666666667,0.2756,2.60793333333333,1.8261,2.91356666666667,2.6212,2.80873333333333,1.8692,w+wh,ɛ+e,n+n,,,,,,,,,,,,,0.5322,0.1603,1.58425,1.3424,w+wh,ɛn+en,,,,,,,,,,
2345,distinct,8,8,1,2,JJ|NN,1,2.193124598,1,2.65,1,2.65,0.6525411,0,0.760375,0.5324,0.763225,0.0841,2.8132375,1.9777,2.9415375,2.1461,3.01285,2.4548,d+d,ɪ+i,s+s,t+t,ɪ+i,ŋ+n,k+c,t+t,,,,,,,,0.867025,0.5186,2.2906,0.8451,d+d,ɪ+i,st+st,ɪŋkt+inct,,,,,,,,
6069,pottery,7,6,2,3,NN,1,1.977723605,1,1.85,1,2.35,0.57249147,1,0.713516666666667,0.1212,0.771933333333333,0.3023,2.81928333333333,2.29,3.04411666666667,2.659,2.97986666666667,2.29,p+p,ɑ+o,t+tt,ɚ+e,ɹ+r,i+y,,,,,,,,,,0.84794,0.2966,2.64666,2.2718,p+p,ɑ+o,t+tt,ɚɹ+er,,i+y,,,,,,
1366,charisma,8,7,1,3,NN,1,1.707570176,1,3.3,1,3.4,0.4640393,0,0.617128571428571,0.0263,0.635114285714286,0.136,2.38095714285714,1.4771,2.75287142857143,1.5911,2.67768571428571,1.9823,k+ch,ə+a,ɹ+r,ɪ+i,z+s,m+m,ə+a,,,,,,,,,0.573066666666667,0.0751,2.07496666666667,0.4771,k+ch,ə+a,ɹ+r,ɪz+is,m+m,ə+a,,,,,,
2183,definite,8,7,3,3,JJ,1,2.498310554,1,2.55,1,2.5,0.57320875,0,0.635728571428571,0.0504,0.683614285714286,0.1851,2.68718571428571,2.0719,3.02,2.6675,2.94291428571429,2.4914,d+d,ɛ+e,f+f,ə+i,n+n,ɪ+i_e,t+t,,,,,,,,,0.6096,0.1081,2.37368333333333,0.699,d+d,ɛ+e,f+f,ə+i,n+n,ɪt+i_et,,,,,,
9086,whole,5,3,1,1,JJ|NN,1,4.293605603,1,1.7,1,1,0.68673509,1,0.4368,0.0133,0.5396,0.0959,2.00683333333333,0.9031,2.75593333333333,2.5752,2.4223,1.8692,h+wh,oʊ+o_e,l+l,,,,,,,,,,,,,0.54795,0.0959,1.09095,0.9031,h+wh,oʊl+o_el,,,,,,,,,,
5879,piper,5,5,2,2,NN,1,3.191730393,1,1.6,1,1.75,0.5757972,6,0.82554,0.6024,0.70782,0.1623,2.8698,2.4871,2.9606,2.6149,3.11222,2.7284,p+p,aɪ+i,p+p,ɚ+e,ɹ+r,,,,,,,,,,,0.789475,0.1682,2.691175,2.5263,p+p,aɪ+i,p+p,ɚɹ+er,,,,,,,,
407,asylum,6,6,1,3,NN,1,2.371067862,1,2.85,1,2.95,0.5819338,0,0.55285,0.0558,0.6251,0.137,2.4587,1.7404,2.88671666666667,2.5315,2.74491666666667,2.143,ə+a,s+s,aɪ+y,l+l,ə+u,m+m,,,,,,,,,,0.57968,0.3441,2.29824,1.4624,,ə+a,s+s,aɪ+y,l+l,əm+um,,,,,,
1032,brown,5,4,1,1,JJ|NN|VB,1,3.486713776,1,1.6,1,1.55,0.67719752,6,0.791775,0.1919,0.9138,0.6552,2.752425,1.5911,2.9321,2.2989,2.797375,1.7709,b+b,ɹ+r,aʊ+ow,n+n,,,,,,,,,,,,0.83335,0.6667,1.70455,1.2788,bɹ+br,aʊn+own,,,,,,,,,,
7068,shanghai,8,5,1,2,NN|VB,1,2.403120521,1,3.85,1,3.55,0.59340912,0,0.62492,0.0267,0.8927,0.4635,1.86604,0.4771,2.27042,1.8808,1.93278,0.4771,ʃ+sh,æ+a,ŋ+ng,h+h,aɪ+ai,,,,,,,,,,,1,1,1.420775,0.4771,ʃ+sh,æŋ+ang,h+h,aɪ+ai,,,,,,,,
5490,one,3,3,1,1,minor|NN,1,5.195027422,1,1.25,1,1,0.70176667,0,0.332766666666667,0.0072,0.345833333333333,0.0153,1.5193,0.6021,2.8278,2.6212,2.61563333333333,2.2945,w+o,ʌ+_e,n+n,,,,,,,,,,,,,1,1,0.69015,0.6021,w+o,ʌn+_en,,,,,,,,,,
3977,horror,6,5,1,2,NN,1,2.671172843,1,2.35,1,1.65,0.61505049,0,0.57684,0.1162,0.6421,0.0769,2.45736,1.959,2.82774,2.1903,2.85386,2.1673,h+h,ɔ+o,ɹ+rr,ɚ+o,ɹ+r,,,,,,,,,,,0.74555,0.0875,2.239525,2.0128,h+h,ɔ+o,ɹ+rr,ɚɹ+or,,,,,,,,
6330,quite,5,4,1,1,RB|JJ,1,4.014226429,1,1.8,1,1.7,0.680246,2,0.507,0.0441,0.686875,0.1398,2.3754,1.7243,2.853675,2.4099,2.642275,1.7243,k+q,w+u,aɪ+i_e,t+t,,,,,,,,,,,,0.86465,0.7838,1.6007,1.4771,kw+qu,aɪt+i_et,,,,,,,,,,
8008,surface,7,6,1,2,NN|VB,1,2.968949681,1,2.5,1,1.75,0.64882553,0,0.478216666666667,0.0332,0.654616666666667,0.1489,2.53255,1.9345,3.12026666666667,2.6675,2.83841666666667,2.4914,s+s,ɚ+u,ɹ+r,f+f,ə+a_e,s+c,,,,,,,,,,0.788875,0.2,2.02775,0.8451,s+s,ɚɹ+ur,f+f,əs+a_ec,,,,,,,,
2706,establish,9,8,1,3,VB,1,2.51054501,1,3.4,1,3.4,0.65620095,0,0.763975,0.0201,0.7447375,0.0194,2.5776625,0.9542,2.841575,2.0755,2.8666875,2.0253,ə+e,s+s,t+t,æ+a,b+b,l+l,ɪ+i,ʃ+sh,,,,,,,,0.6843,0.1542,2.19392,1.5682,,ə+e,st+st,æ+a,bl+bl,ɪʃ+ish,,,,,,
8247,texture,7,6,1,2,NN|VB,1,1.929418926,1,2.25,1,2.5,0.57001293,0,0.695533333333333,0.031,0.5648,0.0516,2.42886666666667,1.7993,2.76696666666667,2.0755,2.84026666666667,2.1987,t+t,ɛ+e,ks+x,tʃ+t,ɚ+u_e,ɹ+r,,,,,,,,,,0.493625,0.0551,1.91985,1.5441,t+t,ɛks+ex,tʃ+t,ɚɹ+u_er,,,,,,,,
6812,sardine,7,6,1,2,NN,1,1.672097858,1,2.5,1,2.6,0.27774081,0,0.723766666666667,0.0721,0.705183333333333,0.0793,2.7271,1.6021,2.9871,2.734,3.03243333333333,2.6928,s+s,ɑ+a,ɹ+r,d+d,i+i_e,n+n,,,,,,,,,,0.760275,0.2703,2.3194,1.3222,s+s,ɑɹ+ar,d+d,in+i_en,,,,,,,,
3438,glue,4,3,1,1,NN|VB,1,2.478566496,1,1.65,1,1.2,0.52701926,4,0.6957,0.1765,0.825,0.6,2.28933333333333,1.2041,2.54606666666667,1.9345,2.3789,1.415,g+g,l+l,u+ue,,,,,,,,,,,,,0.8,0.6,1.42865,1.2041,gl+gl,u+ue,,,,,,,,,,
7494,soluble,7,7,1,3,JJ,1,0.954242509,1,2.75,1,2.7,0.57224351,1,0.691685714285714,0.1168,0.752228571428571,0.1304,2.43027142857143,0.8451,2.65812857142857,1.0414,2.65492857142857,1.6721,s+s,ɔ+o,l+l,ju+u,b+b,ə+_e,l+l,,,,,,,,,0.64646,0.0476,2.05442,0.301,s+s,ɔl+ol,,ju+u,b+b,əl+_el,,,,,,
4827,mailman,7,6,2,2,NN,1,2.170261715,1,2.7,1,2.85,0.28715733,1,0.82265,0.2481,0.86645,0.4635,2.70138333333333,2.2095,2.82573333333333,2.4232,2.77915,2.3424,m+m,eɪ+ai,l+l,m+m,æ+a,n+n,,,,,,,,,,0.837925,0.3517,2.079675,1,m+m,eɪl+ail,m+m,æn+an,,,,,,,,
8205,temple,6,6,1,2,NN,1,2.95230801,1,1.95,1,1.95,0.64680117,0,0.756583333333333,0.1168,0.8708,0.2756,2.71716666666667,2.4594,2.9189,2.4594,2.81415,2.4594,t+t,ɛ+e,m+m,p+p,ə+_e,l+l,,,,,,,,,,0.950975,0.8039,2.308175,1.6232,t+t,ɛm+em,p+p,əl+_el,,,,,,,,
1389,check,5,3,1,1,VB|NN,1,4.153174379,1,1.7,1,1.4,0.63499594,4,0.665633333333333,0.2372,0.689833333333333,0.2756,2.43516666666667,2.1004,2.6818,2.2648,2.65483333333333,2.1004,tʃ+ch,ɛ+e,k+ck,,,,,,,,,,,,,0.9249,0.8498,1.66965,1.0792,tʃ+ch,ɛk+eck,,,,,,,,,,
7618,splash,6,5,1,1,NN|VB,1,2.334453751,1,1.95,1,1.8,0.50678676,0,0.93354,0.8898,0.89202,0.4635,2.74642,2.0253,2.7763,2.0755,2.81346,2.0253,s+s,p+p,l+l,æ+a,ʃ+sh,,,,,,,,,,,0.9074,0.8148,1.2378,1.1139,spl+spl,æʃ+ash,,,,,,,,,,
243,animated,8,8,3,4,JJ,1,1.792391689,1,2.75,1,2.85,0.61173308,0,0.7003,0.1509,0.6030875,0.1096,2.742775,2.4232,2.9688875,2.4314,3.091175,2.7945,æ+a,n+n,ə+i,m+m,eɪ+a,t+t,ɪ+e,d+d,,,,,,,,0.597342857142857,0.1802,2.72831428571429,2.2227,,æ+a,n+n,ə+i,m+m,eɪ+a,t+t,ɪd+ed,,,,
4542,leap,4,3,1,1,NN|VB,1,2.532754379,1,1.55,1,1,0.55990565,9,0.7593,0.2884,0.84,0.52,2.4394,2.1959,2.6203,2.4594,2.53363333333333,2.4548,l+l,i+ea,p+p,,,,,,,,,,,,,1,1,1.68325,0.699,l+l,ip+eap,,,,,,,,,,
1546,cleanup,7,6,2,2,NN|VB,1,2.004321374,1,2.6,1,2.9,0.52677506,0,0.772733333333333,0.1489,0.846316666666667,0.4885,2.71303333333333,2.1271,2.89061666666667,2.4594,2.79995,2.3054,k+c,l+l,i+ea,n+n,ʌ+u,p+p,,,,,,,,,,0.875725,0.6804,2.1183,1.301,kl+cl,i+ea,n+n,ʌp+up,,,,,,,,
4289,jock,4,3,1,1,NN,1,2.660865478,1,1.5,1,1.3,0.54357052,10,0.491133333333333,0.2372,0.739433333333333,0.2291,2.32286666666667,2.1004,2.6774,2.3838,2.5374,2.1004,dʒ+j,ɑ+o,k+ck,,,,,,,,,,,,,0.9346,0.88,1.81445,1.3617,dʒ+j,ɑk+ock,,,,,,,,,,
376,ask,3,3,1,1,VB,1,4.391658329,1,1.5,1,1.55,0.63223433,1,0.767466666666667,0.4687,0.753466666666667,0.3697,2.42056666666667,2.3945,2.55573333333333,2.4314,2.581,2.3945,æ+a,s+s,k+k,,,,,,,,,,,,,1,1,0.8451,0.8451,,æsk+ask,,,,,,,,,,
1954,crocodile,9,8,1,3,NN,1,2.064457989,1,4,1,4,0.52663374,0,0.709625,0.2274,0.7072875,0.2792,2.7953125,2.4771,2.9819375,2.659,2.9923125,2.6928,k+c,ɹ+r,ɑ+o,k+c,ə+o,d+d,aɪ+i_e,l+l,,,,,,,,0.6323,0.273,2.34885,1.3979,kɹ+cr,ɑ+o,k+c,ə+o,d+d,aɪl+i_el,,,,,,
8672,ultimatum,9,9,1,4,NN,1,1.826074803,1,4.15,1,4.8,0.47008654,0,0.764655555555556,0.0558,0.706633333333333,0.137,2.63006666666667,1.9956,2.83171111111111,2.0334,2.85882222222222,2.2175,ʌ+u,l+l,t+t,ɪ+i,m+m,eɪ+a,t+t,ə+u,m+m,,,,,,,0.6851,0.2042,2.48671428571429,1.2553,,ʌl+ul,t+t,ɪ+i,m+m,eɪ+a,t+t,əm+um,,,,
3761,hateful,7,6,2,2,JJ,1,2.012837225,1,2.35,1,2.15,0.32573086,1,0.677166666666667,0.0558,0.785533333333333,0.137,2.51888333333333,2.1584,2.81833333333333,2.3284,2.70215,2.3201,h+h,eɪ+a_e,t+t,f+f,ə+u,l+l,,,,,,,,,,0.80365,0.3684,1.92325,0.9031,h+h,eɪt+a_et,f+f,əl+ul,,,,,,,,
2424,douse,5,3,1,1,VB,1,1.62324929,1,1.65,1,1.35,0.20998639,6,0.5896,0.1818,0.7206,0.3792,2.4261,1.5682,2.74673333333333,2.2989,2.601,1.6721,d+d,aʊ+ou_e,s+s,,,,,,,,,,,,,0.9565,0.913,2.0826,1.3424,d+d,aʊs+ou_es,,,,,,,,,,
5962,plow,4,3,1,1,NN|VB,1,1.986771734,1,1.45,1,1.6,0.38084468,2,0.933533333333333,0.8333,0.7633,0.2899,2.4527,1.3222,2.48276666666667,1.3979,2.627,1.8451,p+p,l+l,aʊ+ow,,,,,,,,,,,,,0.65,0.3,1.6359,1.3424,pl+pl,aʊ+ow,,,,,,,,,,
5704,patio,5,5,1,3,NN,1,2.127104798,1,1.95,1,1.8,0.43555665,0,0.76236,0.29,0.67398,0.1374,2.69152,2.1644,2.84784,2.3502,2.96396,2.1931,p+p,æ+a,t+t,i+i,oʊ+o,,,,,,,,,,,0.66424,0.133,2.66874,2.1644,p+p,æ+a,t+t,i+i,,oʊ+o,,,,,,
6529,residence,9,8,2,3,NN,1,2.625312451,1,2.5,1,2.45,0.63849872,0,0.6574,0.0191,0.6038875,0.2188,2.6186,1.699,2.9839125,2.5132,2.9045,2.3522,ɹ+r,ɛ+e,z+s,ɪ+i,d+d,ə+e_e,n+n,s+c,,,,,,,,0.68325,0.3729,2.6028,1.6335,ɹ+r,ɛ+e,z+s,ɪ+i,d+d,əns+e_enc,,,,,,
3230,frightful,9,7,2,2,JJ,1,1.77815125,1,3.35,1,2.45,0.29457721,0,0.661657142857143,0.0558,0.876714285714286,0.137,2.55482857142857,1.7993,2.90597142857143,2.3284,2.67778571428571,1.7993,f+f,ɹ+r,aɪ+igh,t+t,f+f,ə+u,l+l,,,,,,,,,0.96155,0.8462,1.81455,1.2041,fɹ+fr,aɪt+ight,f+f,əl+ul,,,,,,,,
3402,glacier,7,6,1,2,NN,1,1.591064607,1,2.7,1,2.65,0.56891978,0,0.72555,0.0622,0.7473,0.232,2.64963333333333,1.5051,2.9097,2.6274,2.83548333333333,1.5051,g+g,l+l,eɪ+a,ʃ+ci,ɚ+e,ɹ+r,,,,,,,,,,0.798475,0.2042,2.15885,1.5051,gl+gl,eɪ+a,ʃ+ci,ɚɹ+er,,,,,,,,
4396,kin,3,3,1,1,NN,1,2.340444115,1,1.05,1,1,0.52745736,15,0.592166666666667,0.0866,0.939666666666667,0.819,2.76083333333333,2.0128,3.16623333333333,3.0615,2.7897,2.0128,k+k,ɪ+i,n+n,,,,,,,,,,,,,0.83555,0.6711,1.8623,1.716,k+k,ɪn+in,,,,,,,,,,
2343,distance,8,7,2,2,NN|VB,1,3.116275588,1,2.6,1,2.55,0.65868682,0,0.643,0.0332,0.709914285714286,0.1489,2.71684285714286,1.9345,3.08788571428571,2.8802,2.92658571428571,2.5172,d+d,ɪ+i,s+s,t+t,ə+a_e,n+n,s+c,,,,,,,,,0.796375,0.5186,2.4622,1.5315,d+d,ɪ+i,st+st,əns+a_enc,,,,,,,,
6371,rainstorm,9,8,2,2,NN,1,1.62324929,1,3.4,1,3.45,0.33137703,0,0.7790625,0.2481,0.825225,0.1894,2.8068375,2.2095,2.952675,2.5315,2.9331875,2.3424,ɹ+r,eɪ+ai,n+n,s+s,t+t,ɔ+o,ɹ+r,m+m,,,,,,,,0.9222,0.7778,1.990525,1.1761,ɹ+r,eɪn+ain,st+st,ɔɹm+orm,,,,,,,,
2153,decide,6,5,1,2,VB,1,3.410270964,1,1.75,1,1.7,0.62927973,1,0.56972,0.2177,0.65034,0.2458,2.68268,2.4771,2.99816,2.738,2.9264,2.6928,d+d,ɪ+e,s+c,aɪ+i_e,d+d,,,,,,,,,,,0.6728,0.2492,2.366675,1.5185,d+d,ɪ+e,s+c,aɪd+i_ed,,,,,,,,
9308,zombie,6,5,1,2,NN,1,2.267171728,1,2.7,1,2.05,0.56388462,0,0.65298,0.0491,0.82002,0.2291,2.1831,1.3979,2.53176,1.4771,2.32268,1.3979,z+z,ɑ+o,m+m,b+b,i+ie,,,,,,,,,,,0.8105,0.371,1.7934,1.3802,z+z,ɑm+om,b+b,i+ie,,,,,,,,
8713,unopened,8,7,3,3,JJ,1,1.462397998,1,2.9,1,2.95,0.25432199,0,0.628328571428571,0.0191,0.652828571428571,0.1768,2.47627142857143,1.4771,2.92847142857143,2.5798,2.76278571428571,2.2175,ə+u,n+n,oʊ+o,p+p,ə+e_e,n+n,d+d,,,,,,,,,0.678,0.1214,2.20336,1,,ə+u,n+n,oʊ+o,p+p,ənd+e_end,,,,,,
9155,womb,4,3,1,1,NN,1,2.250420002,1,1.85,1,1.55,0.42632976,1,0.3009,0.0317,0.6686,0.0058,1.58593333333333,1.0414,2.5508,2.4997,2.3188,1.1761,w+w,u+o,m+mb,,,,,,,,,,,,,0.7,0.4,1.5087,0.4771,w+w,um+omb,,,,,,,,,,
2443,drake,5,4,1,1,NN,1,2.484299839,1,1.85,1,1.65,0.60240763,3,0.7427,0.4687,0.89405,0.5762,2.797425,2.3945,2.953575,2.7226,2.85715,2.3945,d+d,ɹ+r,eɪ+a_e,k+k,,,,,,,,,,,,1,1,1.7204,1.4914,dɹ+dr,eɪk+a_ek,,,,,,,,,,
3345,gem,3,3,1,1,NN,1,2.103803721,1,1.65,1,1.6,0.55540252,5,0.643466666666667,0.2365,0.466866666666667,0.125,2.40176666666667,1.7634,2.65776666666667,2.3838,2.88703333333333,2.4969,dʒ+g,ɛ+e,m+m,,,,,,,,,,,,,0.32225,0.2159,1.30425,0.8451,dʒ+g,ɛm+em,,,,,,,,,,
1517,claim,5,4,1,1,NN|VB,1,3.112605002,1,1.85,1,1.55,0.67601287,0,0.74435,0.2481,0.9166,0.7352,2.69085,2.2095,2.87305,2.5315,2.7318,2.3424,k+c,l+l,eɪ+ai,m+m,,,,,,,,,,,,1,1,1.3388,0.6021,kl+cl,eɪm+aim,,,,,,,,,,
1169,cactus,6,6,2,2,NN,1,2.173186268,1,2.55,1,2,0.50658327,0,0.67635,0.0558,0.624583333333333,0.137,2.743,2.1584,3.03648333333333,2.48,3.0297,2.4065,k+c,æ+a,k+c,t+t,ə+u,s+s,,,,,,,,,,0.877325,0.7805,2.323675,1.5185,k+c,æk+ac,t+t,əs+us,,,,,,,,
7001,sentence,8,7,1,2,NN|VB,1,3.020361283,1,2.6,1,2.65,0.60847163,0,0.680728571428571,0.0191,0.698514285714286,0.2188,2.76285714285714,1.699,3.14297142857143,3.0149,2.97984285714286,2.3522,s+s,ɛ+e,n+n,t+t,ə+e_e,n+n,s+c,,,,,,,,,0.87615,0.7537,2.4713,1.6335,s+s,ɛn+en,t+t,əns+e_enc,,,,,,,,
3923,holy,4,4,1,2,JJ|NN,1,3.541079768,1,1.85,1,1.3,0.64294559,1,0.84425,0.7605,0.805375,0.269,2.7655,2.4997,2.84095,2.5798,2.913075,2.7143,h+h,oʊ+o,l+l,i+y,,,,,,,,,,,,0.806175,0.2722,2.77915,2.5551,h+h,oʊ+o,l+l,i+y,,,,,,,,
2875,fashion,7,5,1,2,NN|VB,1,2.981365509,1,2.5,1,1.55,0.66255957,0,0.63374,0.004,0.74196,0.3518,2.3763,0.4771,2.9514,2.6981,2.55606,0.4771,f+f,æ+a,ʃ+shi,ə+o,n+n,,,,,,,,,,,0.808525,0.3178,2.133825,0.4771,f+f,æ+a,ʃ+shi,ən+on,,,,,,,,
8845,violated,8,8,3,3,VB|JJ,1,2.369215857,1,2.65,1,2.9,0.5633229,0,0.6528,0.0928,0.6071,0.1096,2.5556125,1.5185,2.8481,2.2878,2.90305,1.8865,v+v,aɪ+i,ə+o,l+l,eɪ+a,t+t,ɪ+e,d+d,,,,,,,,0.589742857142857,0.1682,2.60757142857143,2.2227,v+v,aɪ+i,,ə+o,l+l,eɪ+a,t+t,ɪd+ed,,,,
8380,tinker,6,6,1,2,VB|NN,1,2.056904851,1,1.65,1,1.7,0.42727718,4,0.699083333333333,0.1968,0.71335,0.0843,2.73635,2.0212,2.94171666666667,2.1732,2.99981666666667,2.238,t+t,ɪ+i,ŋ+n,k+k,ɚ+e,ɹ+r,,,,,,,,,,0.7804,0.1319,2.3058,1.5682,t+t,ɪŋ+in,k+k,ɚɹ+er,,,,,,,,
1120,burp,4,4,1,1,NN|VB,1,1.826074803,1,1.7,1,1.45,0.21630214,4,0.766325,0.0806,0.78855,0.1542,2.75755,2.2095,3.032,2.4594,2.95995,2.4548,b+b,ɚ+u,ɹ+r,p+p,,,,,,,,,,,,1,1,1.6617,0.4771,b+b,ɚɹp+urp,,,,,,,,,,
3391,gingham,7,5,1,2,NN,1,1,1,3.3,1,2.25,0.21110255,0,0.57456,0.0058,0.9388,0.819,2.08732,0.4771,2.64738,2.1732,2.1162,0.4771,g+g,ɪ+i,ŋ+ng,ə+ha,m+m,,,,,,,,,,,0.928033333333333,0.7841,1.41413333333333,0.4771,g+g,ɪŋ+ing,,əm+ham,,,,,,,,
981,breathe,7,4,1,1,VB,1,3.393575203,1,1.9,1,1.65,0.52866536,0,0.757575,0.0351,0.72815,0.1209,2.186525,1.0792,2.5453,1.0792,2.4319,1.3979,b+b,ɹ+r,i+ea_e,ð+th,,,,,,,,,,,,1,1,1.21565,0.301,bɹ+br,ið+ea_eth,,,,,,,,,,
775,blast,5,5,1,1,NN|VB,1,2.916980047,1,1.65,1,1.65,0.59685135,1,0.92592,0.8523,0.87084,0.4635,2.91522,2.444,2.94944,2.5132,2.992,2.4942,b+b,l+l,æ+a,s+s,t+t,,,,,,,,,,,0.9091,0.8182,1.4934,1,bl+bl,æst+ast,,,,,,,,,,
3003,fireman,7,6,2,2,NN,1,2.176091259,1,2.65,1,2.65,0.42516825,1,0.7445,0.1429,0.798416666666667,0.1828,2.79521666666667,2.4771,2.9963,2.738,2.954,2.6928,f+f,aɪ+i_e,ɹ+r,m+m,ə+a,n+n,,,,,,,,,,0.89655,0.5862,2.05495,0.8451,f+f,aɪɹ+i_er,m+m,ən+an,,,,,,,,
867,bone,4,3,1,1,NN|VB,1,3.123851641,1,1.1,1,1,0.6131022,11,0.802233333333333,0.4267,0.840966666666667,0.5229,2.74296666666667,2.2068,2.8687,2.5752,2.8364,2.4871,b+b,oʊ+o_e,n+n,,,,,,,,,,,,,0.9483,0.8966,2.13885,1.4314,b+b,oʊn+o_en,,,,,,,,,,
663,behave,6,5,1,2,VB,1,2.918554531,1,2.15,1,2.4,0.55316424,1,0.75072,0.2719,0.7644,0.2458,2.45176,1.9912,2.6258,1.9912,2.62124,1.9912,b+b,ɪ+e,h+h,eɪ+a_e,v+v,,,,,,,,,,,0.785975,0.2492,2.18455,1.2553,b+b,ɪ+e,h+h,eɪv+a_ev,,,,,,,,
8083,syllable,8,7,2,3,NN,1,1.633468456,1,2.65,1,2.05,0.59934932,0,0.481985714285714,0.0233,0.775771428571429,0.2391,2.54342857142857,1.5315,3.09481428571429,2.7551,2.72048571428571,2.143,s+s,ɪ+y,l+ll,ə+a,b+b,ə+_e,l+l,,,,,,,,,0.761183333333333,0.2345,2.44341666666667,1.5441,s+s,ɪ+y,l+ll,ə+a,b+b,əl+_el,,,,,,
4023,hung,4,3,1,1,VB|NN,1,3.157456768,1,1.55,1,1.2,0.58868366,7,0.929,0.8082,0.8295,0.4885,2.7624,2.7084,2.79626666666667,2.7218,2.86596666666667,2.7143,h+h,ʌ+u,ŋ+ng,,,,,,,,,,,,,1,1,1.9298,1.1461,h+h,ʌŋ+ung,,,,,,,,,,
5143,mood,4,3,1,1,NN,1,3.239799818,1,1.35,1,1,0.58677,5,0.748766666666667,0.4349,0.861966666666667,0.5931,2.64563333333333,2.1399,2.7958,2.4997,2.72186666666667,2.3655,m+m,u+oo,d+d,,,,,,,,,,,,,0.60525,0.2105,1.75395,0.699,m+m,ud+ood,,,,,,,,,,
3652,gush,4,3,1,1,VB|NN,1,1.568201724,1,1.4,1,1.3,0.30518594,7,0.880433333333333,0.8082,0.787833333333333,0.4885,2.44526666666667,2.0253,2.5012,2.0755,2.5681,2.0253,g+g,ʌ+u,ʃ+sh,,,,,,,,,,,,,0.7254,0.6667,1.7471,1.1761,g+g,ʌʃ+ush,,,,,,,,,,
891,booty,5,4,1,2,NN,1,2.496929648,1,1.75,1,1.3,0.4268513,2,0.71795,0.1942,0.8836,0.6429,2.700625,1.7404,2.915275,2.4456,2.76,1.9294,b+b,u+oo,t+t,i+y,,,,,,,,,,,,0.883625,0.6471,2.6642,1.7482,b+b,u+oo,t+t,i+y,,,,,,,,
9068,whirl,5,4,1,1,NN|VB,1,1.954242509,1,1.9,1,1.7,0.25162888,0,0.51825,0.0491,0.7382,0.0487,2.5322,1.8261,3.0728,2.6212,2.869975,1.8692,w+wh,ɚ+i,ɹ+r,l+l,,,,,,,,,,,,0.95205,0.9041,1.3356,0.8451,w+wh,ɚɹl+irl,,,,,,,,,,
1731,confetti,8,7,1,3,NN,1,1.672097858,1,3,1,2.85,0.29040647,0,0.519271428571429,0.0318,0.768371428571429,0.3518,2.56172857142857,1.5563,3.04814285714286,2.6675,2.71111428571429,1.6435,k+c,ə+o,n+n,f+f,ɛ+e,t+tt,i+i,,,,,,,,,0.763033333333333,0.3729,2.31945,1.5563,k+c,ən+on,f+f,ɛ+e,t+tt,i+i,,,,,,
4604,lick,4,3,1,1,VB|NN,1,2.748188027,1,1.2,1,1,0.44170779,13,0.649033333333333,0.2372,0.939666666666667,0.819,2.66163333333333,2.1004,2.9186,2.6675,2.6905,2.1004,l+l,ɪ+i,k+ck,,,,,,,,,,,,,0.9697,0.9394,2.0863,1.5051,l+l,ɪk+ick,,,,,,,,,,
2074,dairy,5,4,1,2,NN,1,2.155336037,1,1.75,1,1,0.57609183,2,0.6455,0.0065,0.7638,0.1064,2.334,0.7782,2.913375,2.8432,2.565425,1.6812,d+d,ɛ+ai,ɹ+r,i+y,,,,,,,,,,,,0.763625,0.102,2.31965,0.7782,d+d,ɛ+ai,ɹ+r,i+y,,,,,,,,
2654,engage,6,5,1,2,VB,1,2.498310554,1,2.35,1,2.4,0.62137508,1,0.7065,0.3661,0.61444,0.3883,2.46674,2.0607,2.64474,2.143,2.6939,2.316,ɪ+e,n+n,g+g,eɪ+a_e,dʒ+g,,,,,,,,,,,0.2705,0.0551,1.57376666666667,1.1461,,ɪn+en,g+g,eɪdʒ+a_eg,,,,,,,,
5155,moreover,8,7,2,3,RB,1,1.806179974,1,3.15,1,3.8,0.6499877,0,0.770542857142857,0.0964,0.674871428571429,0.1447,2.51442857142857,1.0792,2.71032857142857,1.2041,2.78854285714286,1.8865,m+m,ɔ+o_e,ɹ+r,oʊ+o,v+v,ɚ+e,ɹ+r,,,,,,,,,0.85238,0.2722,2.36324,0.9542,m+m,ɔɹ+o_er,,oʊ+o,v+v,ɚɹ+er,,,,,,
781,bled,4,4,1,1,VB,1,2.305351369,1,1.6,1,1.35,0.33623394,4,0.887325,0.7706,0.8171,0.2756,2.991075,2.945,3.045625,2.9694,3.131675,2.9694,b+b,l+l,ɛ+e,d+d,,,,,,,,,,,,0.52805,0.0561,1.62105,1.2553,bl+bl,ɛd+ed,,,,,,,,,,
9156,women,5,5,1,2,NN,1,3.999087023,1,1.85,1,2,0.6798414,0,0.59486,0.0007,0.64734,0.0009,2.31318,0.301,3.01952,2.6212,2.99214,2.5403,w+w,ɪ+o,m+m,ə+e,n+n,,,,,,,,,,,0.7025,0.0008,1.916125,0.301,w+w,ɪ+o,m+m,ən+en,,,,,,,,
1103,bunny,5,4,1,2,NN,1,2.976349979,1,1.75,1,1.3,0.56702721,7,0.491675,0.0542,0.769075,0.1238,2.4606,1.8976,3.03835,2.9694,2.691475,2.0294,b+b,ə+u,n+nn,i+y,,,,,,,,,,,,0.768475,0.1214,2.437775,1.9294,b+b,ə+u,n+nn,i+y,,,,,,,,
3747,harp,4,4,1,1,NN|VB,1,2.130333768,1,1.6,1,1.5,0.56116766,5,0.85355,0.4466,0.79695,0.1878,2.785475,2.4548,2.8764,2.4594,2.966825,2.4548,h+h,ɑ+a,ɹ+r,p+p,,,,,,,,,,,,0.875,0.75,1.6578,0.6021,h+h,ɑɹp+arp,,,,,,,,,,
6774,salacious,9,7,1,3,JJ,1,1.041392685,1,2.95,1,2.65,0.23723251,1,0.489028571428571,0.016,0.574471428571429,0.164,2.4571,1.5051,3.03122857142857,2.673,2.80487142857143,1.5051,s+s,ə+a,l+l,eɪ+a,ʃ+ci,ə+ou,s+s,,,,,,,,,0.754383333333333,0.2042,2.43171666666667,1.5051,s+s,ə+a,l+l,eɪ+a,ʃ+ci,əs+ous,,,,,,
8760,utterly,7,6,2,3,RB,1,2.397940009,1,2.75,1,2.35,0.55031258,0,0.696583333333333,0.1212,0.82115,0.3768,2.71483333333333,1.9956,2.94763333333333,2.0334,2.82595,2.2175,ʌ+u,t+tt,ɚ+e,ɹ+r,l+l,i+y,,,,,,,,,,0.8603,0.3584,2.62826,2.2718,,ʌ+u,t+tt,ɚɹ+er,l+l,i+y,,,,,,
381,asleep,6,5,1,2,RB|JJ,1,3.405175546,1,2.45,1,2.05,0.56205481,0,0.73566,0.2754,0.81282,0.4608,2.62944,2.1761,2.80284,2.4594,2.7351,2.2504,ə+a,s+s,l+l,i+ee,p+p,,,,,,,,,,,0.733733333333333,0.3441,1.73083333333333,1.1139,,ə+a,sl+sl,ip+eep,,,,,,,,
5375,norman,6,6,1,2,NN,1,2.935003151,1,1.9,1,1.75,0.64622152,1,0.724133333333333,0.1429,0.7287,0.1828,2.7312,2.382,2.94406666666667,2.4456,2.97428333333333,2.382,n+n,ɔ+o,ɹ+r,m+m,ə+a,n+n,,,,,,,,,,0.809975,0.5862,2.322575,1.9345,n+n,ɔɹ+or,m+m,ən+an,,,,,,,,
3274,furry,5,4,2,2,JJ,1,2.089905111,1,1.75,1,1.7,0.41520345,0,0.4627,0.0181,0.776675,0.1542,2.331175,1.3617,3.0642,2.8299,2.53885,1.3617,f+f,ɚ+u,ɹ+rr,i+y,,,,,,,,,,,,0.984166666666667,0.9525,2.23543333333333,1.1139,f+f,ɚɹ+urr,,i+y,,,,,,,,
2022,curd,4,4,1,1,NN,1,1.361727836,1,1.5,1,1.1,0.39988747,6,0.681475,0.0806,0.76955,0.1542,2.897325,2.2095,3.212375,3.0715,3.108225,2.9912,k+c,ɚ+u,ɹ+r,d+d,,,,,,,,,,,,0.9549,0.9098,1.78325,0.699,k+c,ɚɹd+urd,,,,,,,,,,
7070,shape,5,3,1,1,NN|VB,1,3.188365926,1,1.6,1,1.15,0.6508128,5,0.7866,0.5069,0.858733333333333,0.5762,2.4079,2.2504,2.52873333333333,2.3139,2.48753333333333,2.2504,ʃ+sh,eɪ+a_e,p+p,,,,,,,,,,,,,1,1,1.68045,1.1461,ʃ+sh,eɪp+a_ep,,,,,,,,,,
1632,cocoon,6,5,1,2,NN|VB,1,1.763427994,1,2.65,1,2.05,0.36562347,0,0.59346,0.2274,0.6748,0.2792,2.66662,2.1399,2.94656,2.4997,2.87718,2.3655,k+c,ə+o,k+c,u+oo,n+n,,,,,,,,,,,0.6786,0.273,2.349675,1.415,k+c,ə+o,k+c,un+oon,,,,,,,,
5395,notion,6,5,1,2,NN,1,2.527629901,1,1.75,1,1.7,0.6177997,4,0.69384,0.2386,0.71324,0.269,2.63304,2.382,2.83872,2.4456,2.84238,2.382,n+n,oʊ+o,ʃ+ti,ə+o,n+n,,,,,,,,,,,0.783475,0.2722,2.48775,2.3802,n+n,oʊ+o,ʃ+ti,ən+on,,,,,,,,
902,borough,7,4,1,2,NN,1,1.785329835,1,2.6,1,1.75,0.58756888,0,0.530025,0.0269,0.6834,0.1336,2.314175,0.8451,2.926275,2.3502,2.5814,1.0414,b+b,ɚ+o,ɹ+r,oʊ+ough,,,,,,,,,,,,0.5592,0.3247,1.8574,0.8451,b+b,ɚɹ+or,,oʊ+ough,,,,,,,,
6819,saturday,8,7,2,3,NN,1,3.384532615,1,3.3,1,2.4,0.62884933,0,0.785414285714286,0.0806,0.768442857142857,0.1542,2.73622857142857,1.9085,2.93231428571429,2.0607,2.92398571428571,1.9243,s+s,æ+a,t+t,ɚ+u,ɹ+r,d+d,eɪ+ay,,,,,,,,,0.856233333333333,0.3178,2.59455,1.9085,s+s,æ+a,t+t,ɚɹ+ur,d+d,eɪ+ay,,,,,,
772,blank,5,5,1,1,JJ|NN,1,2.695481676,1,1.55,1,1.6,0.57946497,4,0.81126,0.4687,0.70952,0.0841,2.67428,1.9777,2.78148,2.1461,2.95524,2.3945,b+b,l+l,æ+a,ŋ+n,k+k,,,,,,,,,,,1,1,1.6835,1.3802,bl+bl,æŋk+ank,,,,,,,,,,
2473,drift,5,5,1,1,NN|VB,1,2.515873844,1,1.8,1,1.65,0.56834584,1,0.86584,0.7099,0.9638,0.819,2.86156,1.6812,2.92782,1.7993,2.87888,1.6812,d+d,ɹ+r,ɪ+i,f+f,t+t,,,,,,,,,,,1,1,1.4518,0.9542,dɹ+dr,ɪft+ift,,,,,,,,,,
1832,council,7,6,1,2,NN,1,2.936513742,1,2.85,1,2.2,0.65821987,0,0.594033333333333,0.039,0.629666666666667,0.0497,2.58736666666667,2.0043,2.99113333333333,2.2989,2.93406666666667,2.3997,k+c,aʊ+ou,n+n,s+c,ə+i,l+l,,,,,,,,,,0.71995,0.442,2.020775,1.2041,k+c,aʊn+oun,s+c,əl+il,,,,,,,,
2812,face,4,3,1,1,NN|VB,1,4.168733129,1,1.2,1,1,0.68050081,10,0.5452,0.1791,0.734733333333333,0.5762,2.54733333333333,2.316,2.9013,2.8129,2.69403333333333,2.5172,f+f,eɪ+a_e,s+c,,,,,,,,,,,,,0.85,0.7,1.9944,1.3424,f+f,eɪs+a_ec,,,,,,,,,,
4999,merely,6,5,2,2,RB,1,2.900913068,1,2,1,1.85,0.65323716,0,0.70938,0.0069,0.80478,0.0714,2.59242,1.2304,3.06434,2.8089,2.821,2.3522,m+m,ɪ+e_e,ɹ+r,l+l,i+y,,,,,,,,,,,0.845275,0.4286,2.31475,0.6021,m+m,ɪɹ+e_er,l+l,i+y,,,,,,,,
5611,pain,4,3,1,1,NN|VB,1,3.69862243,1,1.15,1,1,0.62332815,11,0.7427,0.2481,0.911733333333333,0.7352,2.74543333333333,2.2095,2.9495,2.8129,2.78973333333333,2.3424,p+p,eɪ+ai,n+n,,,,,,,,,,,,,0.86905,0.7381,2.15155,1.5051,p+p,eɪn+ain,,,,,,,,,,
2784,explosive,9,8,3,3,JJ|NN,1,2.434568904,1,2.55,1,2.6,0.5934028,0,0.7001375,0.0504,0.676025,0.2378,2.47165,2.0719,2.7394875,2.0755,2.7017375,2.1931,ɪ+e,ks+x,p+p,l+l,oʊ+o,s+s,ɪ+i_e,v+v,,,,,,,,0.60358,0.2722,2.09046,1.7243,,ɪks+ex,pl+pl,oʊ+o,s+s,ɪv+i_ev,,,,,,
4799,machine,7,5,1,2,NN|VB,1,3.554368001,1,2.35,1,2.55,0.66544008,0,0.4698,0.0201,0.48346,0.0793,2.22122,1.0414,2.89212,2.6981,2.76286,2.0569,m+m,ə+a,ʃ+ch,i+i_e,n+n,,,,,,,,,,,0.426125,0.0901,2.01175,1.0414,m+m,ə+a,ʃ+ch,in+i_en,,,,,,,,
5995,poisonous,9,7,2,3,JJ,1,2.23299611,1,3.6,1,2.75,0.53648007,0,0.558885714285714,0.016,0.5575,0.164,2.36755714285714,1.301,2.82182857142857,1.6532,2.72025714285714,1.3617,p+p,ɔɪ+oi,z+s,ə+o,n+n,ə+ou,s+s,,,,,,,,,0.757283333333333,0.273,2.30563333333333,1.3222,p+p,ɔɪ+oi,z+s,ə+o,n+n,əs+ous,,,,,,
7913,stumble,7,7,1,2,VB,1,2.004321374,1,1.85,1,1.8,0.37297204,0,0.805085714285714,0.1168,0.919185714285714,0.4885,2.7706,2.4594,2.93572857142857,2.4594,2.81842857142857,2.4594,s+s,t+t,ʌ+u,m+m,b+b,ə+_e,l+l,,,,,,,,,0.988375,0.9535,2.237775,1.6232,st+st,ʌm+um,b+b,əl+_el,,,,,,,,
5656,parakeet,8,7,1,3,NN,1,1.748188027,1,2.85,1,3.2,0.3821559,0,0.508771428571429,0.1734,0.7388,0.084,2.56914285714286,2.1303,2.9622,2.734,2.81922857142857,2.238,p+p,ɛ+a,ɹ+r,ə+a,k+k,i+ee,t+t,,,,,,,,,0.736366666666667,0.0741,2.33093333333333,1.1761,p+p,ɛ+a,ɹ+r,ə+a,k+k,it+eet,,,,,,
2067,dachshund,9,8,1,2,NN,1,1.278753601,1,4.75,1,3.9,0.25556916,0,0.654975,0.0506,0.6943375,0.0374,2.283725,1.415,2.589025,1.9868,2.59325,1.5315,d+d,ɑ+a,k+ch,s+s,h+h,ʊ+u,n+n,d+d,,,,,,,,0.875,0.5,1.354,0.301,d+d,ɑks+achs,h+h,ʊnd+und,,,,,,,,
3136,football,8,6,2,2,NN,1,3.282168778,1,2.85,1,2.7,0.63301909,1,0.615416666666667,0.1263,0.730016666666667,0.0554,2.30831666666667,1.8808,2.63883333333333,2.1399,2.59785,2.0755,f+f,ʊ+oo,t+t,b+b,ɔ+a,l+ll,,,,,,,,,,0.901775,0.75,1.886125,0.8451,f+f,ʊt+oot,b+b,ɔl+all,,,,,,,,
8167,tea,3,2,1,1,NN,1,3.475816413,1,1.4,1,1,0.6218152,6,0.49955,0.0073,0.9,0.8,1.86835,0.9542,2.9137,2.786,1.91195,1.0414,t+t,i+ea,,,,,,,,,,,,,,0.9,0.8,1.7923,0.9542,t+t,i+ea,,,,,,,,,,
